id;ancienne_categorie
115;Non classé
116;Produit
117;Non classé
118;Non classé
119;Non classé
120;Non classé
121;Stratégie
122;Non classé
123;Non classé
124;Non classé
125;Non classé
126;Non classé
127;Ressources Humaines
128;Non classé
129;Non classé
130;Stratégie
131;Non classé
132;Non classé
133;Stratégie
134;Stratégie
135;Non classé
136;Non classé
137;Non classé
138;Ressources Humaines
139;Non classé
140;Non classé
141;Non classé
142;Produit
143;Non classé
144;Non classé
145;Non classé
146;Non classé
147;Stratégie
148;Non classé
149;Non classé
150;Produit
151;Ressources Humaines
152;Non classé
153;Stratégie
154;Finance
155;Stratégie
156;Non classé
157;Stratégie
158;Non classé
159;Non classé
160;Non classé
161;Non classé
162;Non classé
163;Non classé
164;Stratégie
165;Non classé
166;Non classé
167;Non classé
168;Stratégie
169;Non classé
170;Non classé
171;Non classé
172;Produit
173;Produit
174;Non classé
175;Non classé
176;Non classé
177;Stratégie
178;Non classé
179;Non classé
180;Produit
181;Stratégie
182;Non classé
183;Non classé
184;Non classé
185;Ressources Humaines
186;Stratégie
187;Produit
188;Stratégie
189;Non classé
190;Non classé
191;Stratégie
192;Non classé
193;Non classé
194;Non classé
195;Non classé
196;Non classé
197;Non classé
198;Non classé
199;Stratégie
200;Finance
201;Non classé
202;Stratégie
203;Finance
204;Finance
205;Stratégie
206;Stratégie
207;Non classé
208;Stratégie
209;Non classé
210;Non classé
211;Stratégie
212;Non classé
213;Non classé
214;Produit
215;Non classé
216;Non classé
217;Non classé
218;Non classé
219;Stratégie
220;Non classé
221;Non classé
222;Non classé
223;Non classé
224;Stratégie
225;Non classé
226;Non classé
